type,lung,mask
train,dataset\segmentation\lungs\0585.png,dataset\segmentation\masks\0585.png
train,dataset\segmentation\lungs\0458.png,dataset\segmentation\masks\0458.png
train,dataset\segmentation\lungs\0184.png,dataset\segmentation\masks\0184.png
train,dataset\segmentation\lungs\0232.png,dataset\segmentation\masks\0232.png
train,dataset\segmentation\lungs\0171.png,dataset\segmentation\masks\0171.png
train,dataset\segmentation\lungs\0223.png,dataset\segmentation\masks\0223.png
train,dataset\segmentation\lungs\0428.png,dataset\segmentation\masks\0428.png
train,dataset\segmentation\lungs\0199.png,dataset\segmentation\masks\0199.png
train,dataset\segmentation\lungs\0107.png,dataset\segmentation\masks\0107.png
train,dataset\segmentation\lungs\0142.png,dataset\segmentation\masks\0142.png
train,dataset\segmentation\lungs\0118.png,dataset\segmentation\masks\0118.png
train,dataset\segmentation\lungs\0610.png,dataset\segmentation\masks\0610.png
train,dataset\segmentation\lungs\0213.png,dataset\segmentation\masks\0213.png
train,dataset\segmentation\lungs\0273.png,dataset\segmentation\masks\0273.png
train,dataset\segmentation\lungs\0399.png,dataset\segmentation\masks\0399.png
train,dataset\segmentation\lungs\0404.png,dataset\segmentation\masks\0404.png
train,dataset\segmentation\lungs\0567.png,dataset\segmentation\masks\0567.png
train,dataset\segmentation\lungs\0082.png,dataset\segmentation\masks\0082.png
train,dataset\segmentation\lungs\0484.png,dataset\segmentation\masks\0484.png
train,dataset\segmentation\lungs\0314.png,dataset\segmentation\masks\0314.png
train,dataset\segmentation\lungs\0652.png,dataset\segmentation\masks\0652.png
train,dataset\segmentation\lungs\0271.png,dataset\segmentation\masks\0271.png
train,dataset\segmentation\lungs\0640.png,dataset\segmentation\masks\0640.png
train,dataset\segmentation\lungs\0363.png,dataset\segmentation\masks\0363.png
train,dataset\segmentation\lungs\0358.png,dataset\segmentation\masks\0358.png
train,dataset\segmentation\lungs\0669.png,dataset\segmentation\masks\0669.png
train,dataset\segmentation\lungs\0545.png,dataset\segmentation\masks\0545.png
train,dataset\segmentation\lungs\0605.png,dataset\segmentation\masks\0605.png
train,dataset\segmentation\lungs\0449.png,dataset\segmentation\masks\0449.png
train,dataset\segmentation\lungs\0508.png,dataset\segmentation\masks\0508.png
train,dataset\segmentation\lungs\0115.png,dataset\segmentation\masks\0115.png
train,dataset\segmentation\lungs\0204.png,dataset\segmentation\masks\0204.png
train,dataset\segmentation\lungs\0368.png,dataset\segmentation\masks\0368.png
train,dataset\segmentation\lungs\0698.png,dataset\segmentation\masks\0698.png
train,dataset\segmentation\lungs\0537.png,dataset\segmentation\masks\0537.png
train,dataset\segmentation\lungs\0007.png,dataset\segmentation\masks\0007.png
train,dataset\segmentation\lungs\0503.png,dataset\segmentation\masks\0503.png
train,dataset\segmentation\lungs\0159.png,dataset\segmentation\masks\0159.png
train,dataset\segmentation\lungs\0684.png,dataset\segmentation\masks\0684.png
train,dataset\segmentation\lungs\0566.png,dataset\segmentation\masks\0566.png
train,dataset\segmentation\lungs\0215.png,dataset\segmentation\masks\0215.png
train,dataset\segmentation\lungs\0683.png,dataset\segmentation\masks\0683.png
train,dataset\segmentation\lungs\0607.png,dataset\segmentation\masks\0607.png
train,dataset\segmentation\lungs\0054.png,dataset\segmentation\masks\0054.png
train,dataset\segmentation\lungs\0095.png,dataset\segmentation\masks\0095.png
train,dataset\segmentation\lungs\0627.png,dataset\segmentation\masks\0627.png
train,dataset\segmentation\lungs\0630.png,dataset\segmentation\masks\0630.png
train,dataset\segmentation\lungs\0167.png,dataset\segmentation\masks\0167.png
train,dataset\segmentation\lungs\0599.png,dataset\segmentation\masks\0599.png
train,dataset\segmentation\lungs\0109.png,dataset\segmentation\masks\0109.png
train,dataset\segmentation\lungs\0690.png,dataset\segmentation\masks\0690.png
train,dataset\segmentation\lungs\0150.png,dataset\segmentation\masks\0150.png
train,dataset\segmentation\lungs\0695.png,dataset\segmentation\masks\0695.png
train,dataset\segmentation\lungs\0518.png,dataset\segmentation\masks\0518.png
train,dataset\segmentation\lungs\0554.png,dataset\segmentation\masks\0554.png
train,dataset\segmentation\lungs\0427.png,dataset\segmentation\masks\0427.png
train,dataset\segmentation\lungs\0435.png,dataset\segmentation\masks\0435.png
train,dataset\segmentation\lungs\0465.png,dataset\segmentation\masks\0465.png
train,dataset\segmentation\lungs\0286.png,dataset\segmentation\masks\0286.png
train,dataset\segmentation\lungs\0227.png,dataset\segmentation\masks\0227.png
train,dataset\segmentation\lungs\0553.png,dataset\segmentation\masks\0553.png
train,dataset\segmentation\lungs\0330.png,dataset\segmentation\masks\0330.png
train,dataset\segmentation\lungs\0580.png,dataset\segmentation\masks\0580.png
train,dataset\segmentation\lungs\0504.png,dataset\segmentation\masks\0504.png
train,dataset\segmentation\lungs\0084.png,dataset\segmentation\masks\0084.png
train,dataset\segmentation\lungs\0532.png,dataset\segmentation\masks\0532.png
train,dataset\segmentation\lungs\0531.png,dataset\segmentation\masks\0531.png
train,dataset\segmentation\lungs\0152.png,dataset\segmentation\masks\0152.png
train,dataset\segmentation\lungs\0337.png,dataset\segmentation\masks\0337.png
train,dataset\segmentation\lungs\0370.png,dataset\segmentation\masks\0370.png
train,dataset\segmentation\lungs\0031.png,dataset\segmentation\masks\0031.png
train,dataset\segmentation\lungs\0527.png,dataset\segmentation\masks\0527.png
train,dataset\segmentation\lungs\0682.png,dataset\segmentation\masks\0682.png
train,dataset\segmentation\lungs\0602.png,dataset\segmentation\masks\0602.png
train,dataset\segmentation\lungs\0311.png,dataset\segmentation\masks\0311.png
train,dataset\segmentation\lungs\0033.png,dataset\segmentation\masks\0033.png
train,dataset\segmentation\lungs\0021.png,dataset\segmentation\masks\0021.png
train,dataset\segmentation\lungs\0557.png,dataset\segmentation\masks\0557.png
train,dataset\segmentation\lungs\0212.png,dataset\segmentation\masks\0212.png
train,dataset\segmentation\lungs\0415.png,dataset\segmentation\masks\0415.png
train,dataset\segmentation\lungs\0122.png,dataset\segmentation\masks\0122.png
train,dataset\segmentation\lungs\0628.png,dataset\segmentation\masks\0628.png
train,dataset\segmentation\lungs\0127.png,dataset\segmentation\masks\0127.png
train,dataset\segmentation\lungs\0061.png,dataset\segmentation\masks\0061.png
train,dataset\segmentation\lungs\0639.png,dataset\segmentation\masks\0639.png
train,dataset\segmentation\lungs\0559.png,dataset\segmentation\masks\0559.png
train,dataset\segmentation\lungs\0110.png,dataset\segmentation\masks\0110.png
train,dataset\segmentation\lungs\0312.png,dataset\segmentation\masks\0312.png
train,dataset\segmentation\lungs\0166.png,dataset\segmentation\masks\0166.png
train,dataset\segmentation\lungs\0661.png,dataset\segmentation\masks\0661.png
train,dataset\segmentation\lungs\0173.png,dataset\segmentation\masks\0173.png
train,dataset\segmentation\lungs\0552.png,dataset\segmentation\masks\0552.png
train,dataset\segmentation\lungs\0132.png,dataset\segmentation\masks\0132.png
train,dataset\segmentation\lungs\0425.png,dataset\segmentation\masks\0425.png
train,dataset\segmentation\lungs\0260.png,dataset\segmentation\masks\0260.png
train,dataset\segmentation\lungs\0255.png,dataset\segmentation\masks\0255.png
train,dataset\segmentation\lungs\0264.png,dataset\segmentation\masks\0264.png
train,dataset\segmentation\lungs\0175.png,dataset\segmentation\masks\0175.png
train,dataset\segmentation\lungs\0383.png,dataset\segmentation\masks\0383.png
train,dataset\segmentation\lungs\0105.png,dataset\segmentation\masks\0105.png
train,dataset\segmentation\lungs\0510.png,dataset\segmentation\masks\0510.png
train,dataset\segmentation\lungs\0246.png,dataset\segmentation\masks\0246.png
train,dataset\segmentation\lungs\0120.png,dataset\segmentation\masks\0120.png
train,dataset\segmentation\lungs\0266.png,dataset\segmentation\masks\0266.png
train,dataset\segmentation\lungs\0228.png,dataset\segmentation\masks\0228.png
train,dataset\segmentation\lungs\0156.png,dataset\segmentation\masks\0156.png
train,dataset\segmentation\lungs\0496.png,dataset\segmentation\masks\0496.png
train,dataset\segmentation\lungs\0050.png,dataset\segmentation\masks\0050.png
train,dataset\segmentation\lungs\0071.png,dataset\segmentation\masks\0071.png
train,dataset\segmentation\lungs\0324.png,dataset\segmentation\masks\0324.png
train,dataset\segmentation\lungs\0373.png,dataset\segmentation\masks\0373.png
train,dataset\segmentation\lungs\0359.png,dataset\segmentation\masks\0359.png
train,dataset\segmentation\lungs\0045.png,dataset\segmentation\masks\0045.png
train,dataset\segmentation\lungs\0493.png,dataset\segmentation\masks\0493.png
train,dataset\segmentation\lungs\0208.png,dataset\segmentation\masks\0208.png
train,dataset\segmentation\lungs\0307.png,dataset\segmentation\masks\0307.png
train,dataset\segmentation\lungs\0378.png,dataset\segmentation\masks\0378.png
train,dataset\segmentation\lungs\0582.png,dataset\segmentation\masks\0582.png
train,dataset\segmentation\lungs\0525.png,dataset\segmentation\masks\0525.png
train,dataset\segmentation\lungs\0530.png,dataset\segmentation\masks\0530.png
train,dataset\segmentation\lungs\0117.png,dataset\segmentation\masks\0117.png
train,dataset\segmentation\lungs\0660.png,dataset\segmentation\masks\0660.png
train,dataset\segmentation\lungs\0528.png,dataset\segmentation\masks\0528.png
train,dataset\segmentation\lungs\0560.png,dataset\segmentation\masks\0560.png
train,dataset\segmentation\lungs\0001.png,dataset\segmentation\masks\0001.png
train,dataset\segmentation\lungs\0343.png,dataset\segmentation\masks\0343.png
train,dataset\segmentation\lungs\0186.png,dataset\segmentation\masks\0186.png
train,dataset\segmentation\lungs\0418.png,dataset\segmentation\masks\0418.png
train,dataset\segmentation\lungs\0164.png,dataset\segmentation\masks\0164.png
train,dataset\segmentation\lungs\0049.png,dataset\segmentation\masks\0049.png
train,dataset\segmentation\lungs\0325.png,dataset\segmentation\masks\0325.png
train,dataset\segmentation\lungs\0209.png,dataset\segmentation\masks\0209.png
train,dataset\segmentation\lungs\0101.png,dataset\segmentation\masks\0101.png
train,dataset\segmentation\lungs\0205.png,dataset\segmentation\masks\0205.png
train,dataset\segmentation\lungs\0035.png,dataset\segmentation\masks\0035.png
train,dataset\segmentation\lungs\0430.png,dataset\segmentation\masks\0430.png
train,dataset\segmentation\lungs\0402.png,dataset\segmentation\masks\0402.png
train,dataset\segmentation\lungs\0384.png,dataset\segmentation\masks\0384.png
train,dataset\segmentation\lungs\0645.png,dataset\segmentation\masks\0645.png
train,dataset\segmentation\lungs\0538.png,dataset\segmentation\masks\0538.png
train,dataset\segmentation\lungs\0591.png,dataset\segmentation\masks\0591.png
train,dataset\segmentation\lungs\0242.png,dataset\segmentation\masks\0242.png
train,dataset\segmentation\lungs\0686.png,dataset\segmentation\masks\0686.png
train,dataset\segmentation\lungs\0195.png,dataset\segmentation\masks\0195.png
train,dataset\segmentation\lungs\0376.png,dataset\segmentation\masks\0376.png
train,dataset\segmentation\lungs\0055.png,dataset\segmentation\masks\0055.png
train,dataset\segmentation\lungs\0521.png,dataset\segmentation\masks\0521.png
train,dataset\segmentation\lungs\0036.png,dataset\segmentation\masks\0036.png
train,dataset\segmentation\lungs\0237.png,dataset\segmentation\masks\0237.png
train,dataset\segmentation\lungs\0511.png,dataset\segmentation\masks\0511.png
train,dataset\segmentation\lungs\0155.png,dataset\segmentation\masks\0155.png
train,dataset\segmentation\lungs\0293.png,dataset\segmentation\masks\0293.png
train,dataset\segmentation\lungs\0029.png,dataset\segmentation\masks\0029.png
train,dataset\segmentation\lungs\0467.png,dataset\segmentation\masks\0467.png
train,dataset\segmentation\lungs\0485.png,dataset\segmentation\masks\0485.png
train,dataset\segmentation\lungs\0274.png,dataset\segmentation\masks\0274.png
train,dataset\segmentation\lungs\0633.png,dataset\segmentation\masks\0633.png
train,dataset\segmentation\lungs\0216.png,dataset\segmentation\masks\0216.png
train,dataset\segmentation\lungs\0596.png,dataset\segmentation\masks\0596.png
train,dataset\segmentation\lungs\0681.png,dataset\segmentation\masks\0681.png
train,dataset\segmentation\lungs\0345.png,dataset\segmentation\masks\0345.png
train,dataset\segmentation\lungs\0673.png,dataset\segmentation\masks\0673.png
train,dataset\segmentation\lungs\0701.png,dataset\segmentation\masks\0701.png
train,dataset\segmentation\lungs\0587.png,dataset\segmentation\masks\0587.png
train,dataset\segmentation\lungs\0594.png,dataset\segmentation\masks\0594.png
train,dataset\segmentation\lungs\0064.png,dataset\segmentation\masks\0064.png
train,dataset\segmentation\lungs\0469.png,dataset\segmentation\masks\0469.png
train,dataset\segmentation\lungs\0192.png,dataset\segmentation\masks\0192.png
train,dataset\segmentation\lungs\0494.png,dataset\segmentation\masks\0494.png
train,dataset\segmentation\lungs\0151.png,dataset\segmentation\masks\0151.png
train,dataset\segmentation\lungs\0313.png,dataset\segmentation\masks\0313.png
train,dataset\segmentation\lungs\0344.png,dataset\segmentation\masks\0344.png
train,dataset\segmentation\lungs\0111.png,dataset\segmentation\masks\0111.png
train,dataset\segmentation\lungs\0697.png,dataset\segmentation\masks\0697.png
train,dataset\segmentation\lungs\0385.png,dataset\segmentation\masks\0385.png
train,dataset\segmentation\lungs\0298.png,dataset\segmentation\masks\0298.png
train,dataset\segmentation\lungs\0203.png,dataset\segmentation\masks\0203.png
train,dataset\segmentation\lungs\0479.png,dataset\segmentation\masks\0479.png
train,dataset\segmentation\lungs\0275.png,dataset\segmentation\masks\0275.png
train,dataset\segmentation\lungs\0282.png,dataset\segmentation\masks\0282.png
train,dataset\segmentation\lungs\0571.png,dataset\segmentation\masks\0571.png
train,dataset\segmentation\lungs\0524.png,dataset\segmentation\masks\0524.png
train,dataset\segmentation\lungs\0664.png,dataset\segmentation\masks\0664.png
train,dataset\segmentation\lungs\0102.png,dataset\segmentation\masks\0102.png
train,dataset\segmentation\lungs\0338.png,dataset\segmentation\masks\0338.png
train,dataset\segmentation\lungs\0459.png,dataset\segmentation\masks\0459.png
train,dataset\segmentation\lungs\0676.png,dataset\segmentation\masks\0676.png
train,dataset\segmentation\lungs\0226.png,dataset\segmentation\masks\0226.png
train,dataset\segmentation\lungs\0172.png,dataset\segmentation\masks\0172.png
train,dataset\segmentation\lungs\0258.png,dataset\segmentation\masks\0258.png
train,dataset\segmentation\lungs\0670.png,dataset\segmentation\masks\0670.png
train,dataset\segmentation\lungs\0327.png,dataset\segmentation\masks\0327.png
train,dataset\segmentation\lungs\0675.png,dataset\segmentation\masks\0675.png
train,dataset\segmentation\lungs\0016.png,dataset\segmentation\masks\0016.png
train,dataset\segmentation\lungs\0134.png,dataset\segmentation\masks\0134.png
train,dataset\segmentation\lungs\0168.png,dataset\segmentation\masks\0168.png
train,dataset\segmentation\lungs\0625.png,dataset\segmentation\masks\0625.png
train,dataset\segmentation\lungs\0407.png,dataset\segmentation\masks\0407.png
train,dataset\segmentation\lungs\0067.png,dataset\segmentation\masks\0067.png
train,dataset\segmentation\lungs\0187.png,dataset\segmentation\masks\0187.png
train,dataset\segmentation\lungs\0609.png,dataset\segmentation\masks\0609.png
train,dataset\segmentation\lungs\0562.png,dataset\segmentation\masks\0562.png
train,dataset\segmentation\lungs\0578.png,dataset\segmentation\masks\0578.png
train,dataset\segmentation\lungs\0452.png,dataset\segmentation\masks\0452.png
train,dataset\segmentation\lungs\0454.png,dataset\segmentation\masks\0454.png
train,dataset\segmentation\lungs\0341.png,dataset\segmentation\masks\0341.png
train,dataset\segmentation\lungs\0219.png,dataset\segmentation\masks\0219.png
train,dataset\segmentation\lungs\0444.png,dataset\segmentation\masks\0444.png
train,dataset\segmentation\lungs\0342.png,dataset\segmentation\masks\0342.png
train,dataset\segmentation\lungs\0505.png,dataset\segmentation\masks\0505.png
train,dataset\segmentation\lungs\0289.png,dataset\segmentation\masks\0289.png
train,dataset\segmentation\lungs\0239.png,dataset\segmentation\masks\0239.png
train,dataset\segmentation\lungs\0700.png,dataset\segmentation\masks\0700.png
train,dataset\segmentation\lungs\0183.png,dataset\segmentation\masks\0183.png
train,dataset\segmentation\lungs\0369.png,dataset\segmentation\masks\0369.png
train,dataset\segmentation\lungs\0163.png,dataset\segmentation\masks\0163.png
train,dataset\segmentation\lungs\0178.png,dataset\segmentation\masks\0178.png
train,dataset\segmentation\lungs\0060.png,dataset\segmentation\masks\0060.png
train,dataset\segmentation\lungs\0406.png,dataset\segmentation\masks\0406.png
train,dataset\segmentation\lungs\0113.png,dataset\segmentation\masks\0113.png
train,dataset\segmentation\lungs\0272.png,dataset\segmentation\masks\0272.png
train,dataset\segmentation\lungs\0066.png,dataset\segmentation\masks\0066.png
train,dataset\segmentation\lungs\0334.png,dataset\segmentation\masks\0334.png
train,dataset\segmentation\lungs\0252.png,dataset\segmentation\masks\0252.png
train,dataset\segmentation\lungs\0268.png,dataset\segmentation\masks\0268.png
train,dataset\segmentation\lungs\0696.png,dataset\segmentation\masks\0696.png
train,dataset\segmentation\lungs\0221.png,dataset\segmentation\masks\0221.png
train,dataset\segmentation\lungs\0379.png,dataset\segmentation\masks\0379.png
train,dataset\segmentation\lungs\0323.png,dataset\segmentation\masks\0323.png
train,dataset\segmentation\lungs\0688.png,dataset\segmentation\masks\0688.png
train,dataset\segmentation\lungs\0483.png,dataset\segmentation\masks\0483.png
train,dataset\segmentation\lungs\0666.png,dataset\segmentation\masks\0666.png
train,dataset\segmentation\lungs\0217.png,dataset\segmentation\masks\0217.png
train,dataset\segmentation\lungs\0387.png,dataset\segmentation\masks\0387.png
train,dataset\segmentation\lungs\0014.png,dataset\segmentation\masks\0014.png
train,dataset\segmentation\lungs\0346.png,dataset\segmentation\masks\0346.png
train,dataset\segmentation\lungs\0087.png,dataset\segmentation\masks\0087.png
train,dataset\segmentation\lungs\0691.png,dataset\segmentation\masks\0691.png
train,dataset\segmentation\lungs\0017.png,dataset\segmentation\masks\0017.png
train,dataset\segmentation\lungs\0548.png,dataset\segmentation\masks\0548.png
train,dataset\segmentation\lungs\0194.png,dataset\segmentation\masks\0194.png
train,dataset\segmentation\lungs\0598.png,dataset\segmentation\masks\0598.png
train,dataset\segmentation\lungs\0251.png,dataset\segmentation\masks\0251.png
train,dataset\segmentation\lungs\0620.png,dataset\segmentation\masks\0620.png
train,dataset\segmentation\lungs\0499.png,dataset\segmentation\masks\0499.png
train,dataset\segmentation\lungs\0193.png,dataset\segmentation\masks\0193.png
train,dataset\segmentation\lungs\0336.png,dataset\segmentation\masks\0336.png
train,dataset\segmentation\lungs\0636.png,dataset\segmentation\masks\0636.png
train,dataset\segmentation\lungs\0100.png,dataset\segmentation\masks\0100.png
train,dataset\segmentation\lungs\0059.png,dataset\segmentation\masks\0059.png
train,dataset\segmentation\lungs\0677.png,dataset\segmentation\masks\0677.png
train,dataset\segmentation\lungs\0462.png,dataset\segmentation\masks\0462.png
train,dataset\segmentation\lungs\0025.png,dataset\segmentation\masks\0025.png
train,dataset\segmentation\lungs\0241.png,dataset\segmentation\masks\0241.png
train,dataset\segmentation\lungs\0149.png,dataset\segmentation\masks\0149.png
train,dataset\segmentation\lungs\0116.png,dataset\segmentation\masks\0116.png
train,dataset\segmentation\lungs\0638.png,dataset\segmentation\masks\0638.png
train,dataset\segmentation\lungs\0392.png,dataset\segmentation\masks\0392.png
train,dataset\segmentation\lungs\0218.png,dataset\segmentation\masks\0218.png
train,dataset\segmentation\lungs\0419.png,dataset\segmentation\masks\0419.png
train,dataset\segmentation\lungs\0009.png,dataset\segmentation\masks\0009.png
train,dataset\segmentation\lungs\0365.png,dataset\segmentation\masks\0365.png
train,dataset\segmentation\lungs\0568.png,dataset\segmentation\masks\0568.png
train,dataset\segmentation\lungs\0270.png,dataset\segmentation\masks\0270.png
train,dataset\segmentation\lungs\0321.png,dataset\segmentation\masks\0321.png
train,dataset\segmentation\lungs\0027.png,dataset\segmentation\masks\0027.png
train,dataset\segmentation\lungs\0305.png,dataset\segmentation\masks\0305.png
train,dataset\segmentation\lungs\0015.png,dataset\segmentation\masks\0015.png
train,dataset\segmentation\lungs\0253.png,dataset\segmentation\masks\0253.png
train,dataset\segmentation\lungs\0512.png,dataset\segmentation\masks\0512.png
train,dataset\segmentation\lungs\0477.png,dataset\segmentation\masks\0477.png
train,dataset\segmentation\lungs\0403.png,dataset\segmentation\masks\0403.png
train,dataset\segmentation\lungs\0069.png,dataset\segmentation\masks\0069.png
train,dataset\segmentation\lungs\0460.png,dataset\segmentation\masks\0460.png
train,dataset\segmentation\lungs\0224.png,dataset\segmentation\masks\0224.png
train,dataset\segmentation\lungs\0502.png,dataset\segmentation\masks\0502.png
train,dataset\segmentation\lungs\0085.png,dataset\segmentation\masks\0085.png
train,dataset\segmentation\lungs\0279.png,dataset\segmentation\masks\0279.png
train,dataset\segmentation\lungs\0121.png,dataset\segmentation\masks\0121.png
train,dataset\segmentation\lungs\0128.png,dataset\segmentation\masks\0128.png
train,dataset\segmentation\lungs\0230.png,dataset\segmentation\masks\0230.png
train,dataset\segmentation\lungs\0478.png,dataset\segmentation\masks\0478.png
train,dataset\segmentation\lungs\0626.png,dataset\segmentation\masks\0626.png
train,dataset\segmentation\lungs\0463.png,dataset\segmentation\masks\0463.png
train,dataset\segmentation\lungs\0277.png,dataset\segmentation\masks\0277.png
train,dataset\segmentation\lungs\0501.png,dataset\segmentation\masks\0501.png
train,dataset\segmentation\lungs\0086.png,dataset\segmentation\masks\0086.png
train,dataset\segmentation\lungs\0280.png,dataset\segmentation\masks\0280.png
train,dataset\segmentation\lungs\0225.png,dataset\segmentation\masks\0225.png
train,dataset\segmentation\lungs\0332.png,dataset\segmentation\masks\0332.png
train,dataset\segmentation\lungs\0290.png,dataset\segmentation\masks\0290.png
train,dataset\segmentation\lungs\0500.png,dataset\segmentation\masks\0500.png
train,dataset\segmentation\lungs\0362.png,dataset\segmentation\masks\0362.png
train,dataset\segmentation\lungs\0026.png,dataset\segmentation\masks\0026.png
train,dataset\segmentation\lungs\0078.png,dataset\segmentation\masks\0078.png
train,dataset\segmentation\lungs\0161.png,dataset\segmentation\masks\0161.png
train,dataset\segmentation\lungs\0010.png,dataset\segmentation\masks\0010.png
train,dataset\segmentation\lungs\0529.png,dataset\segmentation\masks\0529.png
train,dataset\segmentation\lungs\0431.png,dataset\segmentation\masks\0431.png
train,dataset\segmentation\lungs\0662.png,dataset\segmentation\masks\0662.png
train,dataset\segmentation\lungs\0577.png,dataset\segmentation\masks\0577.png
train,dataset\segmentation\lungs\0000.png,dataset\segmentation\masks\0000.png
train,dataset\segmentation\lungs\0424.png,dataset\segmentation\masks\0424.png
train,dataset\segmentation\lungs\0488.png,dataset\segmentation\masks\0488.png
train,dataset\segmentation\lungs\0222.png,dataset\segmentation\masks\0222.png
train,dataset\segmentation\lungs\0090.png,dataset\segmentation\masks\0090.png
train,dataset\segmentation\lungs\0022.png,dataset\segmentation\masks\0022.png
train,dataset\segmentation\lungs\0413.png,dataset\segmentation\masks\0413.png
train,dataset\segmentation\lungs\0586.png,dataset\segmentation\masks\0586.png
train,dataset\segmentation\lungs\0618.png,dataset\segmentation\masks\0618.png
train,dataset\segmentation\lungs\0654.png,dataset\segmentation\masks\0654.png
train,dataset\segmentation\lungs\0063.png,dataset\segmentation\masks\0063.png
train,dataset\segmentation\lungs\0541.png,dataset\segmentation\masks\0541.png
train,dataset\segmentation\lungs\0047.png,dataset\segmentation\masks\0047.png
train,dataset\segmentation\lungs\0350.png,dataset\segmentation\masks\0350.png
train,dataset\segmentation\lungs\0304.png,dataset\segmentation\masks\0304.png
train,dataset\segmentation\lungs\0329.png,dataset\segmentation\masks\0329.png
train,dataset\segmentation\lungs\0092.png,dataset\segmentation\masks\0092.png
train,dataset\segmentation\lungs\0451.png,dataset\segmentation\masks\0451.png
train,dataset\segmentation\lungs\0040.png,dataset\segmentation\masks\0040.png
train,dataset\segmentation\lungs\0229.png,dataset\segmentation\masks\0229.png
train,dataset\segmentation\lungs\0056.png,dataset\segmentation\masks\0056.png
train,dataset\segmentation\lungs\0129.png,dataset\segmentation\masks\0129.png
train,dataset\segmentation\lungs\0106.png,dataset\segmentation\masks\0106.png
train,dataset\segmentation\lungs\0547.png,dataset\segmentation\masks\0547.png
train,dataset\segmentation\lungs\0569.png,dataset\segmentation\masks\0569.png
train,dataset\segmentation\lungs\0388.png,dataset\segmentation\masks\0388.png
train,dataset\segmentation\lungs\0390.png,dataset\segmentation\masks\0390.png
train,dataset\segmentation\lungs\0665.png,dataset\segmentation\masks\0665.png
train,dataset\segmentation\lungs\0482.png,dataset\segmentation\masks\0482.png
train,dataset\segmentation\lungs\0492.png,dataset\segmentation\masks\0492.png
train,dataset\segmentation\lungs\0169.png,dataset\segmentation\masks\0169.png
train,dataset\segmentation\lungs\0490.png,dataset\segmentation\masks\0490.png
train,dataset\segmentation\lungs\0138.png,dataset\segmentation\masks\0138.png
train,dataset\segmentation\lungs\0555.png,dataset\segmentation\masks\0555.png
train,dataset\segmentation\lungs\0157.png,dataset\segmentation\masks\0157.png
train,dataset\segmentation\lungs\0644.png,dataset\segmentation\masks\0644.png
train,dataset\segmentation\lungs\0456.png,dataset\segmentation\masks\0456.png
train,dataset\segmentation\lungs\0401.png,dataset\segmentation\masks\0401.png
train,dataset\segmentation\lungs\0416.png,dataset\segmentation\masks\0416.png
train,dataset\segmentation\lungs\0340.png,dataset\segmentation\masks\0340.png
train,dataset\segmentation\lungs\0685.png,dataset\segmentation\masks\0685.png
train,dataset\segmentation\lungs\0210.png,dataset\segmentation\masks\0210.png
train,dataset\segmentation\lungs\0481.png,dataset\segmentation\masks\0481.png
train,dataset\segmentation\lungs\0214.png,dataset\segmentation\masks\0214.png
train,dataset\segmentation\lungs\0551.png,dataset\segmentation\masks\0551.png
train,dataset\segmentation\lungs\0153.png,dataset\segmentation\masks\0153.png
train,dataset\segmentation\lungs\0409.png,dataset\segmentation\masks\0409.png
train,dataset\segmentation\lungs\0397.png,dataset\segmentation\masks\0397.png
train,dataset\segmentation\lungs\0613.png,dataset\segmentation\masks\0613.png
train,dataset\segmentation\lungs\0185.png,dataset\segmentation\masks\0185.png
train,dataset\segmentation\lungs\0288.png,dataset\segmentation\masks\0288.png
train,dataset\segmentation\lungs\0135.png,dataset\segmentation\masks\0135.png
train,dataset\segmentation\lungs\0300.png,dataset\segmentation\masks\0300.png
train,dataset\segmentation\lungs\0124.png,dataset\segmentation\masks\0124.png
train,dataset\segmentation\lungs\0041.png,dataset\segmentation\masks\0041.png
train,dataset\segmentation\lungs\0611.png,dataset\segmentation\masks\0611.png
train,dataset\segmentation\lungs\0261.png,dataset\segmentation\masks\0261.png
train,dataset\segmentation\lungs\0615.png,dataset\segmentation\masks\0615.png
train,dataset\segmentation\lungs\0034.png,dataset\segmentation\masks\0034.png
train,dataset\segmentation\lungs\0256.png,dataset\segmentation\masks\0256.png
train,dataset\segmentation\lungs\0437.png,dataset\segmentation\masks\0437.png
train,dataset\segmentation\lungs\0140.png,dataset\segmentation\masks\0140.png
train,dataset\segmentation\lungs\0070.png,dataset\segmentation\masks\0070.png
train,dataset\segmentation\lungs\0019.png,dataset\segmentation\masks\0019.png
train,dataset\segmentation\lungs\0438.png,dataset\segmentation\masks\0438.png
train,dataset\segmentation\lungs\0423.png,dataset\segmentation\masks\0423.png
train,dataset\segmentation\lungs\0299.png,dataset\segmentation\masks\0299.png
train,dataset\segmentation\lungs\0563.png,dataset\segmentation\masks\0563.png
train,dataset\segmentation\lungs\0145.png,dataset\segmentation\masks\0145.png
train,dataset\segmentation\lungs\0207.png,dataset\segmentation\masks\0207.png
train,dataset\segmentation\lungs\0457.png,dataset\segmentation\masks\0457.png
train,dataset\segmentation\lungs\0687.png,dataset\segmentation\masks\0687.png
train,dataset\segmentation\lungs\0659.png,dataset\segmentation\masks\0659.png
train,dataset\segmentation\lungs\0081.png,dataset\segmentation\masks\0081.png
train,dataset\segmentation\lungs\0564.png,dataset\segmentation\masks\0564.png
train,dataset\segmentation\lungs\0104.png,dataset\segmentation\masks\0104.png
train,dataset\segmentation\lungs\0295.png,dataset\segmentation\masks\0295.png
train,dataset\segmentation\lungs\0614.png,dataset\segmentation\masks\0614.png
train,dataset\segmentation\lungs\0319.png,dataset\segmentation\masks\0319.png
train,dataset\segmentation\lungs\0391.png,dataset\segmentation\masks\0391.png
train,dataset\segmentation\lungs\0137.png,dataset\segmentation\masks\0137.png
train,dataset\segmentation\lungs\0062.png,dataset\segmentation\masks\0062.png
train,dataset\segmentation\lungs\0182.png,dataset\segmentation\masks\0182.png
train,dataset\segmentation\lungs\0267.png,dataset\segmentation\masks\0267.png
train,dataset\segmentation\lungs\0657.png,dataset\segmentation\masks\0657.png
train,dataset\segmentation\lungs\0291.png,dataset\segmentation\masks\0291.png
train,dataset\segmentation\lungs\0542.png,dataset\segmentation\masks\0542.png
train,dataset\segmentation\lungs\0141.png,dataset\segmentation\masks\0141.png
train,dataset\segmentation\lungs\0112.png,dataset\segmentation\masks\0112.png
train,dataset\segmentation\lungs\0303.png,dataset\segmentation\masks\0303.png
train,dataset\segmentation\lungs\0018.png,dataset\segmentation\masks\0018.png
train,dataset\segmentation\lungs\0030.png,dataset\segmentation\masks\0030.png
train,dataset\segmentation\lungs\0244.png,dataset\segmentation\masks\0244.png
train,dataset\segmentation\lungs\0377.png,dataset\segmentation\masks\0377.png
train,dataset\segmentation\lungs\0382.png,dataset\segmentation\masks\0382.png
train,dataset\segmentation\lungs\0147.png,dataset\segmentation\masks\0147.png
train,dataset\segmentation\lungs\0573.png,dataset\segmentation\masks\0573.png
train,dataset\segmentation\lungs\0294.png,dataset\segmentation\masks\0294.png
train,dataset\segmentation\lungs\0133.png,dataset\segmentation\masks\0133.png
train,dataset\segmentation\lungs\0254.png,dataset\segmentation\masks\0254.png
train,dataset\segmentation\lungs\0702.png,dataset\segmentation\masks\0702.png
train,dataset\segmentation\lungs\0235.png,dataset\segmentation\masks\0235.png
train,dataset\segmentation\lungs\0296.png,dataset\segmentation\masks\0296.png
train,dataset\segmentation\lungs\0412.png,dataset\segmentation\masks\0412.png
train,dataset\segmentation\lungs\0535.png,dataset\segmentation\masks\0535.png
train,dataset\segmentation\lungs\0642.png,dataset\segmentation\masks\0642.png
train,dataset\segmentation\lungs\0448.png,dataset\segmentation\masks\0448.png
train,dataset\segmentation\lungs\0262.png,dataset\segmentation\masks\0262.png
train,dataset\segmentation\lungs\0200.png,dataset\segmentation\masks\0200.png
train,dataset\segmentation\lungs\0093.png,dataset\segmentation\masks\0093.png
train,dataset\segmentation\lungs\0023.png,dataset\segmentation\masks\0023.png
train,dataset\segmentation\lungs\0366.png,dataset\segmentation\masks\0366.png
train,dataset\segmentation\lungs\0389.png,dataset\segmentation\masks\0389.png
train,dataset\segmentation\lungs\0320.png,dataset\segmentation\masks\0320.png
train,dataset\segmentation\lungs\0453.png,dataset\segmentation\masks\0453.png
train,dataset\segmentation\lungs\0043.png,dataset\segmentation\masks\0043.png
train,dataset\segmentation\lungs\0039.png,dataset\segmentation\masks\0039.png
train,dataset\segmentation\lungs\0619.png,dataset\segmentation\masks\0619.png
train,dataset\segmentation\lungs\0352.png,dataset\segmentation\masks\0352.png
train,dataset\segmentation\lungs\0489.png,dataset\segmentation\masks\0489.png
train,dataset\segmentation\lungs\0315.png,dataset\segmentation\masks\0315.png
train,dataset\segmentation\lungs\0003.png,dataset\segmentation\masks\0003.png
train,dataset\segmentation\lungs\0544.png,dataset\segmentation\masks\0544.png
train,dataset\segmentation\lungs\0259.png,dataset\segmentation\masks\0259.png
train,dataset\segmentation\lungs\0008.png,dataset\segmentation\masks\0008.png
train,dataset\segmentation\lungs\0170.png,dataset\segmentation\masks\0170.png
train,dataset\segmentation\lungs\0146.png,dataset\segmentation\masks\0146.png
train,dataset\segmentation\lungs\0590.png,dataset\segmentation\masks\0590.png
train,dataset\segmentation\lungs\0144.png,dataset\segmentation\masks\0144.png
train,dataset\segmentation\lungs\0405.png,dataset\segmentation\masks\0405.png
train,dataset\segmentation\lungs\0020.png,dataset\segmentation\masks\0020.png
train,dataset\segmentation\lungs\0622.png,dataset\segmentation\masks\0622.png
train,dataset\segmentation\lungs\0234.png,dataset\segmentation\masks\0234.png
train,dataset\segmentation\lungs\0004.png,dataset\segmentation\masks\0004.png
train,dataset\segmentation\lungs\0191.png,dataset\segmentation\masks\0191.png
train,dataset\segmentation\lungs\0549.png,dataset\segmentation\masks\0549.png
train,dataset\segmentation\lungs\0002.png,dataset\segmentation\masks\0002.png
train,dataset\segmentation\lungs\0098.png,dataset\segmentation\masks\0098.png
train,dataset\segmentation\lungs\0513.png,dataset\segmentation\masks\0513.png
train,dataset\segmentation\lungs\0089.png,dataset\segmentation\masks\0089.png
train,dataset\segmentation\lungs\0206.png,dataset\segmentation\masks\0206.png
train,dataset\segmentation\lungs\0160.png,dataset\segmentation\masks\0160.png
train,dataset\segmentation\lungs\0473.png,dataset\segmentation\masks\0473.png
train,dataset\segmentation\lungs\0446.png,dataset\segmentation\masks\0446.png
train,dataset\segmentation\lungs\0655.png,dataset\segmentation\masks\0655.png
train,dataset\segmentation\lungs\0108.png,dataset\segmentation\masks\0108.png
train,dataset\segmentation\lungs\0572.png,dataset\segmentation\masks\0572.png
train,dataset\segmentation\lungs\0037.png,dataset\segmentation\masks\0037.png
train,dataset\segmentation\lungs\0119.png,dataset\segmentation\masks\0119.png
train,dataset\segmentation\lungs\0507.png,dataset\segmentation\masks\0507.png
train,dataset\segmentation\lungs\0623.png,dataset\segmentation\masks\0623.png
train,dataset\segmentation\lungs\0450.png,dataset\segmentation\masks\0450.png
train,dataset\segmentation\lungs\0621.png,dataset\segmentation\masks\0621.png
train,dataset\segmentation\lungs\0526.png,dataset\segmentation\masks\0526.png
train,dataset\segmentation\lungs\0472.png,dataset\segmentation\masks\0472.png
train,dataset\segmentation\lungs\0148.png,dataset\segmentation\masks\0148.png
train,dataset\segmentation\lungs\0317.png,dataset\segmentation\masks\0317.png
train,dataset\segmentation\lungs\0678.png,dataset\segmentation\masks\0678.png
train,dataset\segmentation\lungs\0281.png,dataset\segmentation\masks\0281.png
train,dataset\segmentation\lungs\0309.png,dataset\segmentation\masks\0309.png
train,dataset\segmentation\lungs\0075.png,dataset\segmentation\masks\0075.png
train,dataset\segmentation\lungs\0393.png,dataset\segmentation\masks\0393.png
train,dataset\segmentation\lungs\0053.png,dataset\segmentation\masks\0053.png
train,dataset\segmentation\lungs\0154.png,dataset\segmentation\masks\0154.png
train,dataset\segmentation\lungs\0386.png,dataset\segmentation\masks\0386.png
train,dataset\segmentation\lungs\0080.png,dataset\segmentation\masks\0080.png
train,dataset\segmentation\lungs\0354.png,dataset\segmentation\masks\0354.png
train,dataset\segmentation\lungs\0072.png,dataset\segmentation\masks\0072.png
train,dataset\segmentation\lungs\0583.png,dataset\segmentation\masks\0583.png
train,dataset\segmentation\lungs\0522.png,dataset\segmentation\masks\0522.png
train,dataset\segmentation\lungs\0516.png,dataset\segmentation\masks\0516.png
train,dataset\segmentation\lungs\0667.png,dataset\segmentation\masks\0667.png
train,dataset\segmentation\lungs\0301.png,dataset\segmentation\masks\0301.png
train,dataset\segmentation\lungs\0498.png,dataset\segmentation\masks\0498.png
train,dataset\segmentation\lungs\0088.png,dataset\segmentation\masks\0088.png
train,dataset\segmentation\lungs\0250.png,dataset\segmentation\masks\0250.png
train,dataset\segmentation\lungs\0073.png,dataset\segmentation\masks\0073.png
train,dataset\segmentation\lungs\0635.png,dataset\segmentation\masks\0635.png
train,dataset\segmentation\lungs\0703.png,dataset\segmentation\masks\0703.png
train,dataset\segmentation\lungs\0671.png,dataset\segmentation\masks\0671.png
train,dataset\segmentation\lungs\0238.png,dataset\segmentation\masks\0238.png
train,dataset\segmentation\lungs\0052.png,dataset\segmentation\masks\0052.png
train,dataset\segmentation\lungs\0436.png,dataset\segmentation\masks\0436.png
train,dataset\segmentation\lungs\0509.png,dataset\segmentation\masks\0509.png
train,dataset\segmentation\lungs\0302.png,dataset\segmentation\masks\0302.png
train,dataset\segmentation\lungs\0024.png,dataset\segmentation\masks\0024.png
train,dataset\segmentation\lungs\0364.png,dataset\segmentation\masks\0364.png
train,dataset\segmentation\lungs\0589.png,dataset\segmentation\masks\0589.png
train,dataset\segmentation\lungs\0550.png,dataset\segmentation\masks\0550.png
train,dataset\segmentation\lungs\0643.png,dataset\segmentation\masks\0643.png
train,dataset\segmentation\lungs\0236.png,dataset\segmentation\masks\0236.png
train,dataset\segmentation\lungs\0574.png,dataset\segmentation\masks\0574.png
train,dataset\segmentation\lungs\0123.png,dataset\segmentation\masks\0123.png
train,dataset\segmentation\lungs\0634.png,dataset\segmentation\masks\0634.png
train,dataset\segmentation\lungs\0351.png,dataset\segmentation\masks\0351.png
train,dataset\segmentation\lungs\0197.png,dataset\segmentation\masks\0197.png
train,dataset\segmentation\lungs\0464.png,dataset\segmentation\masks\0464.png
train,dataset\segmentation\lungs\0367.png,dataset\segmentation\masks\0367.png
train,dataset\segmentation\lungs\0006.png,dataset\segmentation\masks\0006.png
train,dataset\segmentation\lungs\0051.png,dataset\segmentation\masks\0051.png
train,dataset\segmentation\lungs\0058.png,dataset\segmentation\masks\0058.png
train,dataset\segmentation\lungs\0606.png,dataset\segmentation\masks\0606.png
train,dataset\segmentation\lungs\0099.png,dataset\segmentation\masks\0099.png
train,dataset\segmentation\lungs\0211.png,dataset\segmentation\masks\0211.png
train,dataset\segmentation\lungs\0461.png,dataset\segmentation\masks\0461.png
train,dataset\segmentation\lungs\0131.png,dataset\segmentation\masks\0131.png
train,dataset\segmentation\lungs\0584.png,dataset\segmentation\masks\0584.png
valid,dataset\segmentation\lungs\0497.png,dataset\segmentation\masks\0497.png
valid,dataset\segmentation\lungs\0353.png,dataset\segmentation\masks\0353.png
valid,dataset\segmentation\lungs\0074.png,dataset\segmentation\masks\0074.png
valid,dataset\segmentation\lungs\0381.png,dataset\segmentation\masks\0381.png
valid,dataset\segmentation\lungs\0158.png,dataset\segmentation\masks\0158.png
valid,dataset\segmentation\lungs\0394.png,dataset\segmentation\masks\0394.png
valid,dataset\segmentation\lungs\0597.png,dataset\segmentation\masks\0597.png
valid,dataset\segmentation\lungs\0287.png,dataset\segmentation\masks\0287.png
valid,dataset\segmentation\lungs\0308.png,dataset\segmentation\masks\0308.png
valid,dataset\segmentation\lungs\0176.png,dataset\segmentation\masks\0176.png
valid,dataset\segmentation\lungs\0349.png,dataset\segmentation\masks\0349.png
valid,dataset\segmentation\lungs\0540.png,dataset\segmentation\masks\0540.png
valid,dataset\segmentation\lungs\0592.png,dataset\segmentation\masks\0592.png
valid,dataset\segmentation\lungs\0356.png,dataset\segmentation\masks\0356.png
valid,dataset\segmentation\lungs\0396.png,dataset\segmentation\masks\0396.png
valid,dataset\segmentation\lungs\0292.png,dataset\segmentation\masks\0292.png
valid,dataset\segmentation\lungs\0079.png,dataset\segmentation\masks\0079.png
valid,dataset\segmentation\lungs\0181.png,dataset\segmentation\masks\0181.png
valid,dataset\segmentation\lungs\0331.png,dataset\segmentation\masks\0331.png
valid,dataset\segmentation\lungs\0398.png,dataset\segmentation\masks\0398.png
valid,dataset\segmentation\lungs\0651.png,dataset\segmentation\masks\0651.png
valid,dataset\segmentation\lungs\0136.png,dataset\segmentation\masks\0136.png
valid,dataset\segmentation\lungs\0534.png,dataset\segmentation\masks\0534.png
valid,dataset\segmentation\lungs\0012.png,dataset\segmentation\masks\0012.png
valid,dataset\segmentation\lungs\0672.png,dataset\segmentation\masks\0672.png
valid,dataset\segmentation\lungs\0579.png,dataset\segmentation\masks\0579.png
valid,dataset\segmentation\lungs\0475.png,dataset\segmentation\masks\0475.png
valid,dataset\segmentation\lungs\0355.png,dataset\segmentation\masks\0355.png
valid,dataset\segmentation\lungs\0629.png,dataset\segmentation\masks\0629.png
valid,dataset\segmentation\lungs\0285.png,dataset\segmentation\masks\0285.png
valid,dataset\segmentation\lungs\0265.png,dataset\segmentation\masks\0265.png
valid,dataset\segmentation\lungs\0679.png,dataset\segmentation\masks\0679.png
valid,dataset\segmentation\lungs\0408.png,dataset\segmentation\masks\0408.png
valid,dataset\segmentation\lungs\0190.png,dataset\segmentation\masks\0190.png
valid,dataset\segmentation\lungs\0523.png,dataset\segmentation\masks\0523.png
valid,dataset\segmentation\lungs\0335.png,dataset\segmentation\masks\0335.png
valid,dataset\segmentation\lungs\0674.png,dataset\segmentation\masks\0674.png
valid,dataset\segmentation\lungs\0011.png,dataset\segmentation\masks\0011.png
valid,dataset\segmentation\lungs\0517.png,dataset\segmentation\masks\0517.png
valid,dataset\segmentation\lungs\0395.png,dataset\segmentation\masks\0395.png
valid,dataset\segmentation\lungs\0130.png,dataset\segmentation\masks\0130.png
valid,dataset\segmentation\lungs\0269.png,dataset\segmentation\masks\0269.png
valid,dataset\segmentation\lungs\0434.png,dataset\segmentation\masks\0434.png
valid,dataset\segmentation\lungs\0506.png,dataset\segmentation\masks\0506.png
valid,dataset\segmentation\lungs\0442.png,dataset\segmentation\masks\0442.png
valid,dataset\segmentation\lungs\0380.png,dataset\segmentation\masks\0380.png
valid,dataset\segmentation\lungs\0243.png,dataset\segmentation\masks\0243.png
valid,dataset\segmentation\lungs\0083.png,dataset\segmentation\masks\0083.png
valid,dataset\segmentation\lungs\0096.png,dataset\segmentation\masks\0096.png
valid,dataset\segmentation\lungs\0608.png,dataset\segmentation\masks\0608.png
valid,dataset\segmentation\lungs\0245.png,dataset\segmentation\masks\0245.png
valid,dataset\segmentation\lungs\0038.png,dataset\segmentation\masks\0038.png
valid,dataset\segmentation\lungs\0604.png,dataset\segmentation\masks\0604.png
valid,dataset\segmentation\lungs\0283.png,dataset\segmentation\masks\0283.png
valid,dataset\segmentation\lungs\0417.png,dataset\segmentation\masks\0417.png
valid,dataset\segmentation\lungs\0189.png,dataset\segmentation\masks\0189.png
valid,dataset\segmentation\lungs\0447.png,dataset\segmentation\masks\0447.png
valid,dataset\segmentation\lungs\0196.png,dataset\segmentation\masks\0196.png
valid,dataset\segmentation\lungs\0699.png,dataset\segmentation\masks\0699.png
valid,dataset\segmentation\lungs\0139.png,dataset\segmentation\masks\0139.png
valid,dataset\segmentation\lungs\0044.png,dataset\segmentation\masks\0044.png
valid,dataset\segmentation\lungs\0316.png,dataset\segmentation\masks\0316.png
valid,dataset\segmentation\lungs\0519.png,dataset\segmentation\masks\0519.png
valid,dataset\segmentation\lungs\0094.png,dataset\segmentation\masks\0094.png
valid,dataset\segmentation\lungs\0601.png,dataset\segmentation\masks\0601.png
valid,dataset\segmentation\lungs\0593.png,dataset\segmentation\masks\0593.png
valid,dataset\segmentation\lungs\0400.png,dataset\segmentation\masks\0400.png
valid,dataset\segmentation\lungs\0188.png,dataset\segmentation\masks\0188.png
valid,dataset\segmentation\lungs\0658.png,dataset\segmentation\masks\0658.png
valid,dataset\segmentation\lungs\0125.png,dataset\segmentation\masks\0125.png
valid,dataset\segmentation\lungs\0326.png,dataset\segmentation\masks\0326.png
valid,dataset\segmentation\lungs\0375.png,dataset\segmentation\masks\0375.png
valid,dataset\segmentation\lungs\0348.png,dataset\segmentation\masks\0348.png
valid,dataset\segmentation\lungs\0410.png,dataset\segmentation\masks\0410.png
valid,dataset\segmentation\lungs\0248.png,dataset\segmentation\masks\0248.png
valid,dataset\segmentation\lungs\0240.png,dataset\segmentation\masks\0240.png
valid,dataset\segmentation\lungs\0360.png,dataset\segmentation\masks\0360.png
valid,dataset\segmentation\lungs\0694.png,dataset\segmentation\masks\0694.png
valid,dataset\segmentation\lungs\0520.png,dataset\segmentation\masks\0520.png
valid,dataset\segmentation\lungs\0514.png,dataset\segmentation\masks\0514.png
valid,dataset\segmentation\lungs\0570.png,dataset\segmentation\masks\0570.png
valid,dataset\segmentation\lungs\0533.png,dataset\segmentation\masks\0533.png
valid,dataset\segmentation\lungs\0422.png,dataset\segmentation\masks\0422.png
valid,dataset\segmentation\lungs\0565.png,dataset\segmentation\masks\0565.png
valid,dataset\segmentation\lungs\0680.png,dataset\segmentation\masks\0680.png
valid,dataset\segmentation\lungs\0202.png,dataset\segmentation\masks\0202.png
valid,dataset\segmentation\lungs\0028.png,dataset\segmentation\masks\0028.png
valid,dataset\segmentation\lungs\0491.png,dataset\segmentation\masks\0491.png
valid,dataset\segmentation\lungs\0556.png,dataset\segmentation\masks\0556.png
valid,dataset\segmentation\lungs\0595.png,dataset\segmentation\masks\0595.png
valid,dataset\segmentation\lungs\0421.png,dataset\segmentation\masks\0421.png
valid,dataset\segmentation\lungs\0339.png,dataset\segmentation\masks\0339.png
valid,dataset\segmentation\lungs\0257.png,dataset\segmentation\masks\0257.png
valid,dataset\segmentation\lungs\0612.png,dataset\segmentation\masks\0612.png
valid,dataset\segmentation\lungs\0476.png,dataset\segmentation\masks\0476.png
valid,dataset\segmentation\lungs\0558.png,dataset\segmentation\masks\0558.png
valid,dataset\segmentation\lungs\0162.png,dataset\segmentation\masks\0162.png
valid,dataset\segmentation\lungs\0632.png,dataset\segmentation\masks\0632.png
valid,dataset\segmentation\lungs\0013.png,dataset\segmentation\masks\0013.png
valid,dataset\segmentation\lungs\0433.png,dataset\segmentation\masks\0433.png
valid,dataset\segmentation\lungs\0649.png,dataset\segmentation\masks\0649.png
valid,dataset\segmentation\lungs\0600.png,dataset\segmentation\masks\0600.png
valid,dataset\segmentation\lungs\0103.png,dataset\segmentation\masks\0103.png
valid,dataset\segmentation\lungs\0487.png,dataset\segmentation\masks\0487.png
valid,dataset\segmentation\lungs\0126.png,dataset\segmentation\masks\0126.png
valid,dataset\segmentation\lungs\0616.png,dataset\segmentation\masks\0616.png
valid,dataset\segmentation\lungs\0439.png,dataset\segmentation\masks\0439.png
valid,dataset\segmentation\lungs\0322.png,dataset\segmentation\masks\0322.png
valid,dataset\segmentation\lungs\0617.png,dataset\segmentation\masks\0617.png
valid,dataset\segmentation\lungs\0668.png,dataset\segmentation\masks\0668.png
valid,dataset\segmentation\lungs\0077.png,dataset\segmentation\masks\0077.png
valid,dataset\segmentation\lungs\0414.png,dataset\segmentation\masks\0414.png
valid,dataset\segmentation\lungs\0076.png,dataset\segmentation\masks\0076.png
valid,dataset\segmentation\lungs\0371.png,dataset\segmentation\masks\0371.png
valid,dataset\segmentation\lungs\0468.png,dataset\segmentation\masks\0468.png
valid,dataset\segmentation\lungs\0693.png,dataset\segmentation\masks\0693.png
valid,dataset\segmentation\lungs\0588.png,dataset\segmentation\masks\0588.png
valid,dataset\segmentation\lungs\0689.png,dataset\segmentation\masks\0689.png
valid,dataset\segmentation\lungs\0057.png,dataset\segmentation\masks\0057.png
valid,dataset\segmentation\lungs\0220.png,dataset\segmentation\masks\0220.png
valid,dataset\segmentation\lungs\0310.png,dataset\segmentation\masks\0310.png
valid,dataset\segmentation\lungs\0374.png,dataset\segmentation\masks\0374.png
valid,dataset\segmentation\lungs\0443.png,dataset\segmentation\masks\0443.png
valid,dataset\segmentation\lungs\0440.png,dataset\segmentation\masks\0440.png
valid,dataset\segmentation\lungs\0361.png,dataset\segmentation\masks\0361.png
valid,dataset\segmentation\lungs\0263.png,dataset\segmentation\masks\0263.png
tests,dataset\segmentation\lungs\0486.png,dataset\segmentation\masks\0486.png
tests,dataset\segmentation\lungs\0648.png,dataset\segmentation\masks\0648.png
tests,dataset\segmentation\lungs\0306.png,dataset\segmentation\masks\0306.png
tests,dataset\segmentation\lungs\0357.png,dataset\segmentation\masks\0357.png
tests,dataset\segmentation\lungs\0445.png,dataset\segmentation\masks\0445.png
tests,dataset\segmentation\lungs\0646.png,dataset\segmentation\masks\0646.png
tests,dataset\segmentation\lungs\0603.png,dataset\segmentation\masks\0603.png
tests,dataset\segmentation\lungs\0297.png,dataset\segmentation\masks\0297.png
tests,dataset\segmentation\lungs\0480.png,dataset\segmentation\masks\0480.png
tests,dataset\segmentation\lungs\0692.png,dataset\segmentation\masks\0692.png
tests,dataset\segmentation\lungs\0624.png,dataset\segmentation\masks\0624.png
tests,dataset\segmentation\lungs\0536.png,dataset\segmentation\masks\0536.png
tests,dataset\segmentation\lungs\0539.png,dataset\segmentation\masks\0539.png
tests,dataset\segmentation\lungs\0247.png,dataset\segmentation\masks\0247.png
tests,dataset\segmentation\lungs\0470.png,dataset\segmentation\masks\0470.png
tests,dataset\segmentation\lungs\0429.png,dataset\segmentation\masks\0429.png
tests,dataset\segmentation\lungs\0091.png,dataset\segmentation\masks\0091.png
tests,dataset\segmentation\lungs\0650.png,dataset\segmentation\masks\0650.png
tests,dataset\segmentation\lungs\0637.png,dataset\segmentation\masks\0637.png
tests,dataset\segmentation\lungs\0420.png,dataset\segmentation\masks\0420.png
tests,dataset\segmentation\lungs\0653.png,dataset\segmentation\masks\0653.png
tests,dataset\segmentation\lungs\0466.png,dataset\segmentation\masks\0466.png
tests,dataset\segmentation\lungs\0432.png,dataset\segmentation\masks\0432.png
tests,dataset\segmentation\lungs\0097.png,dataset\segmentation\masks\0097.png
tests,dataset\segmentation\lungs\0032.png,dataset\segmentation\masks\0032.png
tests,dataset\segmentation\lungs\0575.png,dataset\segmentation\masks\0575.png
tests,dataset\segmentation\lungs\0114.png,dataset\segmentation\masks\0114.png
tests,dataset\segmentation\lungs\0411.png,dataset\segmentation\masks\0411.png
tests,dataset\segmentation\lungs\0201.png,dataset\segmentation\masks\0201.png
tests,dataset\segmentation\lungs\0046.png,dataset\segmentation\masks\0046.png
tests,dataset\segmentation\lungs\0471.png,dataset\segmentation\masks\0471.png
tests,dataset\segmentation\lungs\0647.png,dataset\segmentation\masks\0647.png
tests,dataset\segmentation\lungs\0656.png,dataset\segmentation\masks\0656.png
tests,dataset\segmentation\lungs\0333.png,dataset\segmentation\masks\0333.png
tests,dataset\segmentation\lungs\0048.png,dataset\segmentation\masks\0048.png
tests,dataset\segmentation\lungs\0372.png,dataset\segmentation\masks\0372.png
tests,dataset\segmentation\lungs\0249.png,dataset\segmentation\masks\0249.png
tests,dataset\segmentation\lungs\0143.png,dataset\segmentation\masks\0143.png
tests,dataset\segmentation\lungs\0042.png,dataset\segmentation\masks\0042.png
tests,dataset\segmentation\lungs\0233.png,dataset\segmentation\masks\0233.png
tests,dataset\segmentation\lungs\0455.png,dataset\segmentation\masks\0455.png
tests,dataset\segmentation\lungs\0065.png,dataset\segmentation\masks\0065.png
tests,dataset\segmentation\lungs\0276.png,dataset\segmentation\masks\0276.png
tests,dataset\segmentation\lungs\0177.png,dataset\segmentation\masks\0177.png
tests,dataset\segmentation\lungs\0198.png,dataset\segmentation\masks\0198.png
tests,dataset\segmentation\lungs\0328.png,dataset\segmentation\masks\0328.png
tests,dataset\segmentation\lungs\0347.png,dataset\segmentation\masks\0347.png
tests,dataset\segmentation\lungs\0318.png,dataset\segmentation\masks\0318.png
tests,dataset\segmentation\lungs\0441.png,dataset\segmentation\masks\0441.png
tests,dataset\segmentation\lungs\0495.png,dataset\segmentation\masks\0495.png
tests,dataset\segmentation\lungs\0068.png,dataset\segmentation\masks\0068.png
tests,dataset\segmentation\lungs\0515.png,dataset\segmentation\masks\0515.png
tests,dataset\segmentation\lungs\0426.png,dataset\segmentation\masks\0426.png
tests,dataset\segmentation\lungs\0543.png,dataset\segmentation\masks\0543.png
tests,dataset\segmentation\lungs\0474.png,dataset\segmentation\masks\0474.png
tests,dataset\segmentation\lungs\0278.png,dataset\segmentation\masks\0278.png
tests,dataset\segmentation\lungs\0180.png,dataset\segmentation\masks\0180.png
tests,dataset\segmentation\lungs\0284.png,dataset\segmentation\masks\0284.png
tests,dataset\segmentation\lungs\0561.png,dataset\segmentation\masks\0561.png
tests,dataset\segmentation\lungs\0581.png,dataset\segmentation\masks\0581.png
tests,dataset\segmentation\lungs\0663.png,dataset\segmentation\masks\0663.png
tests,dataset\segmentation\lungs\0641.png,dataset\segmentation\masks\0641.png
tests,dataset\segmentation\lungs\0231.png,dataset\segmentation\masks\0231.png
tests,dataset\segmentation\lungs\0005.png,dataset\segmentation\masks\0005.png
tests,dataset\segmentation\lungs\0179.png,dataset\segmentation\masks\0179.png
tests,dataset\segmentation\lungs\0174.png,dataset\segmentation\masks\0174.png
tests,dataset\segmentation\lungs\0165.png,dataset\segmentation\masks\0165.png
tests,dataset\segmentation\lungs\0631.png,dataset\segmentation\masks\0631.png
tests,dataset\segmentation\lungs\0546.png,dataset\segmentation\masks\0546.png
tests,dataset\segmentation\lungs\0576.png,dataset\segmentation\masks\0576.png
